<?xml version="1.0" encoding="UTF-8"?>	
<!DOCTYPE mapper PUBLIC "-//mybatis.org//DTD Mapper 3.0//EN" 
"http://mybatis.org/dtd/mybatis-3-mapper.dtd">

<mapper namespace="com.ssafy.home.model.mapper.BoardMapper">
	<resultMap id="UserResultMap" type="com.ssafy.home.model.entity.User">
		<id column="user_id" property="userId" />
		<result column="id" property="id" />
		<result column="password" property="password" />
		<result column="email" property="email" />
		<result column="nickname" property="nickname" />
		<result column="profile_img_url" property="profileImgUrl" />
		<association property="roleRegister" resultMap="RoleRegisterResultMap" />
	</resultMap>
	
	<resultMap id="RoleRegisterResultMap" type="com.ssafy.home.model.entity.RoleRegister">
		<id column="role_register_id" property="roleRegisterId" />
		<result column="user_id" property="userId" />
		<result column="role_id" property="roleId" />
		<association property="role" resultMap="RoleResultMap" />
	</resultMap>
	
	<resultMap id="RoleResultMap" type="com.ssafy.home.model.entity.Role">
		<id column="role_id" property="roleId" />
		<result column="role_name" property="roleName" />
	</resultMap>
	
	<resultMap id="BoardResultMap" type="com.ssafy.home.model.entity.Board">
		<id column="board_id" property="boardId" />
		<result column="title" property="title" />
		<result column="content" property="content" />
		<result column="user_id" property="userId" />
		<result column="create_date" property="createDate" />
		<result column="update_date" property="updateDate" />
		<result column="comment_count" property="commentCount" />
		<result column="like_count" property="likeCount" />
		<result column="view_count" property="viewCount" />
		<association property="user" resultMap="UserResultMap"></association>
		<association property="comment" resultMap="CommentResultMap"></association>
		<association property="like" resultMap="LikeResultMap"></association>
		<association property="view" resultMap="ViewResultMap"></association>
	</resultMap>
	
	<resultMap id="CommentResultMap" type="com.ssafy.home.model.entity.Comment">
		<id column="comment_id" property="commentId" />
		<result column="board_id" property="boardId" />
		<result column="user_id" property="userId" />
		<result column="content" property="content" />
		<result column="create_date" property="createDate" />
		<result column="update_date" property="updateDate" />
		<association property="user" resultMap="UserResultMap"></association>
	</resultMap>
	
	<resultMap id="ViewResultMap" type="com.ssafy.home.model.entity.View">
		<id column="view_id" property="viewId" />
		<result column="board_id" property="boardId" />
		<result column="user_id" property="userId" />
	</resultMap>
	
	<resultMap id="LikeResultMap" type="com.ssafy.home.model.entity.Like">
		<id column="like_id" property="likeId" />
		<result column="board_id" property="boardId" />
		<result column="user_id" property="userId" />
	</resultMap>
	
	<resultMap id="BoardBookmarkResultMap" type="com.ssafy.home.model.entity.BoardBookmark">
		<id column="board_bookmark_id" property="boardBookmarkId"/>
		<result column="board_id" property="boardId" />
		<result column="user_id" property="userId" />
	</resultMap>
	<select id="getLike" parameterType="integer" resultMap="LikeResultMap">
		select *
		from like_tb
		where board_id = #{boardId}
	</select>
	
	<select id="getPageCount" resultType="Integer">
		select count(*) from board_tb
	</select>
	<select id="getSearchPageCount" parameterType="string" resultType="Integer">
		select count(*) 
		from board_tb
		where  board_tb.title like concat('%', #{word}, '%') or
		board_tb.content like concat('%', #{word}, '%')
	</select>
	<select id="getSearchList" parameterType="map" resultMap="BoardResultMap">
		select
			bt.board_id,
			bt.title,
	        bt.content,
	        bt.user_id,
	        bt.create_date,
			bt.update_date,
			ut.id,
			ut.email,
			ut.nickname,
			ut.profile_img_url,
			(select count(*) from like_tb where board_id = bt.board_id) as like_count,
			(select count(*) from view_tb where board_id = bt.board_id) as view_count,
			(select count(*) from comment_tb where board_id = bt.board_id) as comment_count
		from
			board_tb bt
			left outer join comment_tb ct on ct.board_id = bt.board_id
			left outer join like_tb lt on lt.board_id = bt.board_id
			left outer join view_tb vt on vt.board_id = bt.board_id
			left outer join user_tb ut on ut.user_id = bt.user_id
		where 
			bt.title like concat('%', #{word}, '%')
			or bt.content like concat('%', #{word}, '%')
		group by
			bt.board_id
		limit #{offset}, #{count}
	</select>
	<select id="getListAll" parameterType="map" resultMap="BoardResultMap">
		select
			bt.board_id,
			bt.title,
	        bt.content,
	        bt.user_id,
	        bt.create_date,
			bt.update_date,
			ut.id,
			ut.email,
			ut.nickname,
			ut.profile_img_url,
			(select count(*) from like_tb where board_id = bt.board_id) as like_count,
			(select count(*) from view_tb where board_id = bt.board_id) as view_count,
			(select count(*) from comment_tb where board_id = bt.board_id) as comment_count
		from
			board_tb bt
			left outer join comment_tb ct on ct.board_id = bt.board_id
			left outer join like_tb lt on lt.board_id = bt.board_id
			left outer join view_tb vt on vt.board_id = bt.board_id
			left outer join user_tb ut on ut.user_id = bt.user_id
		group by
			bt.board_id
		<choose>
			<when test="option == 0">
				order by bt.update_date desc
			</when>
			<when test="option == 1">
				order by ((comment_count + like_count + view_count)/3) desc, bt.update_date desc
			</when>
		</choose>	
				limit #{offset}, #{count}
				
	</select>
	<update id="updateBoard" parameterType="Board">
		update 
			board_tb
		set
			title =#{title},
			content=#{content},
			update_date = now()
		where
			board_id = #{boardId}
	</update>
	
	<update id="updateComment" parameterType="Comment">
		update
			comment_tb
		set
			content=#{content},
			update_date = now()
		where
			comment_id=#{commentId}
	</update>
	
	<insert id="like" parameterType="map">
		insert into like_tb values(0, #{boardId}, #{userId})
	</insert>
	
	<insert id="posts" parameterType="Board">
		insert into board_tb
		values (0,
		#{title},#{content}, #{userId}, now(), now())
	</insert>
	
	<insert id="view" parameterType="map">
		insert into view_tb values(0, #{boardId}, #{userId})
	</insert>
	
	<insert id="comment" parameterType="Comment">
		insert into comment_tb
		values(0, #{boardId}, #{userId}, #{content}, now(), now())
	</insert>
	<delete id="delComment" parameterType="integer">
		delete from comment_tb
		where comment_id = #{commentId}
	</delete>
	
	<delete id="delLike" parameterType="map">
		delete from like_tb
		where board_id = #{boardId} and user_id = #{userId}
	</delete>
	
	<delete id="delBoard" parameterType="integer">
		delete from board_tb
		where board_id = #{boardId}
	</delete>
	<select id ="getBoard" parameterType="string" resultMap="BoardResultMap">
		select
			bt.board_id,
			bt.title,
	        bt.content,
	        bt.user_id,
	        bt.create_date,
			bt.update_date,
			ut.id,
			ut.email,
			ut.nickname,
			ut.profile_img_url,
			(select count(*) from like_tb where board_id = bt.board_id) as like_count,
			(select count(*) from view_tb where board_id = bt.board_id) as view_count,
			(select count(*) from comment_tb where board_id = bt.board_id) as comment_count
		from
			board_tb bt
			left outer join comment_tb ct on ct.board_id = bt.board_id
			left outer join like_tb lt on lt.board_id = bt.board_id
			left outer join view_tb vt on vt.board_id = bt.board_id
			left outer join user_tb ut on ut.user_id = bt.user_id
		where bt.board_id = ${boardId}
		group by
			bt.board_id
		order by
			bt.create_date desc
	</select>

	<select id="getList" resultMap="BoardResultMap">
		select
			bt.board_id,
			bt.title,
	        bt.content,
	        bt.user_id,
	        bt.create_date,
			bt.update_date,
			ut.id,
			ut.email,
			ut.nickname,
			ut.profile_img_url,
			(select count(*) from like_tb where board_id = bt.board_id) as like_count,
			(select count(*) from view_tb where board_id = bt.board_id) as view_count,
			(select count(*) from comment_tb where board_id = bt.board_id) as comment_count
		from
			board_tb bt
			left outer join comment_tb ct on ct.board_id = bt.board_id
			left outer join like_tb lt on lt.board_id = bt.board_id
			left outer join view_tb vt on vt.board_id = bt.board_id
			left outer join user_tb ut on ut.user_id = bt.user_id
		group by
			bt.board_id
		order by
			bt.create_date desc
	</select>
	
	<select id="getComment" parameterType="integer" resultMap="CommentResultMap">
	   select * 
       from comment_tb tb
       left outer join  user_tb ut on tb.user_id = ut.user_id
       where tb.board_id =#{boardId}
	</select>

	<insert id="bookmark" parameterType="map">
		insert into board_bookmark_tb values(0, #{boardId}, #{userId})
	</insert>
	
	<select id="checkBoomarks" parameterType="integer" resultMap="BoardBookmarkResultMap">
		select * from board_bookmark_tb where board_id = #{boardId}
	</select>
	
	<delete id="cancelBookmark" parameterType="map">
		delete from board_bookmark_tb where board_id = #{boardId} and user_id = #{userId}
	</delete>
	
</mapper>