<?xml version="1.0" encoding="UTF-8"?>	
<!DOCTYPE mapper PUBLIC "-//mybatis.org//DTD Mapper 3.0//EN" 
"http://mybatis.org/dtd/mybatis-3-mapper.dtd">

<mapper namespace="com.ssafy.home.model.mapper.AptMapper">

	<resultMap type="com.ssafy.home.model.entity.DongCodes" id="DongCodesResultMap">
		<id column="dong_code" property="dongCode"/>
		<result column="sido_name" property="sidoName"/>
		<result column="gugun_name" property="gugunName"/>
		<result column="dong_name" property="dongName"/>
	</resultMap>
	<resultMap type="com.ssafy.home.model.entity.Sigungu" id="SigunguResultMap">
		<id column="sigungu_id" property="sigunguId"/>
		<result column="average" property="average"/>
		<result column="sigungu_name" property="sigunguName"/>
		<result column="lat" property="lat"/>
		<result column="lng" property="lng"/>
		<result column="class_name" property="className"/>
	</resultMap>
	
	<resultMap type="com.ssafy.home.model.entity.Dong" id="DongResultMap">
		<id column="dong_id" property="dongId"/>
		<result column="average" property="average"/>
		<result column="dong_name" property="dongName"/>
		<result column="lat" property="lat"/>
		<result column="class_name" property="className"/>
	</resultMap>
	
	<resultMap type="com.ssafy.home.model.entity.HouseDeals" id="HouseDealsResultMap">
		<id column="no" property="no"/>
		<result column="apt_seq" property="aptSeq"/>
		<result column="apt_dong" property="aptDong"/>
		<result column="floor" property="floor"/>
		<result column="deal_year" property="dealYear"/>
		<result column="deal_month" property="dealMonth"/>
		<result column="deal_day" property="dealDay"/>
		<result column="exclu_use_ar" property="excluUseAr"/>
		<result column="deal_amount" property="dealAmount"/>
	</resultMap>
	
	<resultMap type="com.ssafy.home.model.entity.Apt"
		id="AptResultMap">
		<id column="apt_seq" property="aptSeq" />
		<result column="sgg_cd" property="sggCd" />
		<result column="umd_cd" property="umdCd" />
		<result column="umd_nm" property="umdNm" />
		<result column="jibun" property="jibun" />
		<result column="road_nm_sgg_cd" property="roadNmSggCd" />
		<result column="road_nm" property="roadNm" />
		<result column="road_nm_bonbun" property="roadNmBonbun" />
		<result column="road_nm_bubun" property="roadNmbubun" />
		<result column="apt_nm" property="aptNm" />
		<result column="build_year" property="buildYear" />
		<result column="latitude" property="latitude" />
		<result column="longitude" property="longitude" />
		<result column="class_name" property ="className"/>
		
		<association property="houseDeals" resultMap="HouseDealsResultMap"></association>
		<association property="dongCodes" resultMap="DongCodesResultMap"></association>
	</resultMap>

	<resultMap type="com.ssafy.home.model.entity.Boundary"
		id="BoundraryResultMap">
		<id column="boundary_si_id" property="boundarySiId" />
		<result column="mid_lat" property="midLat" />
		<result column="mid_long" property="midLong" />
		<result column="sgg_cd" property="sggCd" />
		<result column="name" property="name"/>
		<result column="class_name" property="className"/>
	</resultMap>
		<select id="search" parameterType="string" resultMap="AptResultMap">
  		select *
  		from houseinfos hi
  		left outer join housedeals hd on hi.apt_seq = hd.apt_seq
  		left outer join dongcodes dc on concat(hi.sgg_cd, hi.umd_cd) = dc.dong_code
  		where hi.apt_seq like '11%' and 
  		hi.apt_nm like CONCAT('%', #{word}, '%')
	</select>
	
	
	<select id="cluster" parameterType="LocationRequestDto"
		resultMap="BoundraryResultMap">
		select *
		from boundary_si_tb
		where
		CAST(mid_lat AS DECIMAL(22,18)) BETWEEN CAST(#{swLat} AS DECIMAL(22,18)) AND
		CAST(#{neLat} AS DECIMAL(22,18))
		AND CAST(mid_long AS DECIMAL(22,18)) BETWEEN CAST(#{swLng} AS
		DECIMAL(22,18)) AND CAST(#{neLng} AS DECIMAL(22,18));
	</select>
	<select id="sigungu" parameterType="LocationRequestDto" resultMap="SigunguResultMap">
		select * 
		from sigungu
		where
		CAST(lat AS DECIMAL(22,18)) BETWEEN CAST(#{swLat} AS DECIMAL(22,18)) AND
		CAST(#{neLat} AS DECIMAL(22,18))
		AND CAST(lng AS DECIMAL(22,18)) BETWEEN CAST(#{swLng} AS
		DECIMAL(22,18)) AND CAST(#{neLng} AS DECIMAL(22,18))
	</select>
	
	<select id="dong" parameterType="LocationRequestDto" resultMap="DongResultMap">
		select *
		from dong
		where
		CAST(lat AS DECIMAL(22,18)) BETWEEN CAST(#{swLat} AS DECIMAL(22,18)) AND
		CAST(#{neLat} AS DECIMAL(22,18))
		AND CAST(lng AS DECIMAL(22,18)) BETWEEN CAST(#{swLng} AS
		DECIMAL(22,18)) AND CAST(#{neLng} AS DECIMAL(22,18))
	</select>

	<select id="listAll" resultMap="AptResultMap">
		select * from houseinfos
	</select>

	<select id="location" parameterType="LocationRequestDto"
		resultMap="AptResultMap">
		select *
		from houseinfos hi
		left outer join housedeals hd on hi.apt_seq = hd.apt_seq
		left outer join dongcodes dc on concat(hi.sgg_cd, hi.umd_cd) = dc.dong_code
		where
		CAST(latitude AS DECIMAL(22,18)) BETWEEN CAST(#{swLat} AS DECIMAL(22,18)) AND
		CAST(#{neLat} AS DECIMAL(22,18))
		AND CAST(longitude AS DECIMAL(22,18)) BETWEEN CAST(#{swLng} AS
		DECIMAL(22,18)) AND CAST(#{neLng} AS DECIMAL(22,18))
	</select>

</mapper>