<?xml version="1.0" encoding="UTF-8"?>	
<!DOCTYPE mapper PUBLIC "-//mybatis.org//DTD Mapper 3.0//EN" 
"http://mybatis.org/dtd/mybatis-3-mapper.dtd">
<!-- namespace: Entity 명, id: 메서드 명 -->
<mapper namespace="com.ssafy.home.model.mapper.MyMapper">

	<resultMap id="UserResultMap" type="com.ssafy.home.model.entity.User">
		<id column="user_id" property="userId" />
		<result column="id" property="id" />
		<result column="password" property="password" />
		<result column="email" property="email" />
		<result column="nickname" property="nickname" />
		<result column="profile_img_url" property="profileImgUrl" />
		<association property="roleRegister" resultMap="RoleRegisterResultMap" />
	</resultMap>
	
	<resultMap id="RoleRegisterResultMap" type="com.ssafy.home.model.entity.RoleRegister">
		<id column="role_register_id" property="roleRegisterId" />
		<result column="user_id" property="userId" />
		<result column="role_id" property="roleId" />
		<association property="role" resultMap="RoleResultMap" />
	</resultMap>
	
	<resultMap id="RoleResultMap" type="com.ssafy.home.model.entity.Role">
		<id column="role_id" property="roleId" />
		<result column="role_name" property="roleName" />
	</resultMap>
	
	<resultMap id="PutHouseResultMap" type="com.ssafy.home.model.entity.PutHouse">
		<id column="put_house_id" property="putHouseId" />
		<result column="title" property="title" />
		<result column="content" property="content" />
		<result column="user_id" property="userId" />
		<result column="create_date" property="createDate" />
		<result column="update_date" property="updateDate" />
		<result column="comment_count" property="commentCount" />
		<result column="like_count" property="likeCount" />
		<result column="view_count" property="viewCount" />
		<association property="user" resultMap="UserResultMap"></association>
		<association property="putHouseComment" resultMap="PutHouseCommentResultMap"></association>
		<association property="putHouseLike" resultMap="PutHouseLikeResultMap"></association>
		<association property="putHouseView" resultMap="PutHouseViewResultMap"></association>
	</resultMap>
	
	<resultMap id="PutHouseCommentResultMap" type="com.ssafy.home.model.entity.PutHouseComment">
		<id column="put_house_comment_id" property="putHouseCommentId" />
		<result column="put_house_id" property="putHouseId" />
		<result column="user_id" property="userId" />
		<result column="content" property="content" />
		<result column="create_date" property="createDate" />
		<result column="update_date" property="updateDate" />
		<association property="user" resultMap="UserResultMap"></association>
	</resultMap>
	
	<resultMap id="PutHouseViewResultMap" type="com.ssafy.home.model.entity.PutHouseView">
		<id column="put_house_view_id" property="putHouseViewId" />
		<result column="put_house_id" property="putHouseId" />
		<result column="user_id" property="userId" />
	</resultMap>
	
	<resultMap id="PutHouseLikeResultMap" type="com.ssafy.home.model.entity.PutHouseLike">
		<id column="put_house_like_id" property="putHouseLikeId" />
		<result column="put_house_id" property="putHouseId" />
		<result column="user_id" property="userId" />
	</resultMap>
	
	<select id="showInfo" parameterType="integer" resultMap="UserResultMap">
		select 
			ut.user_id,
		    ut.id,
		    ut.password,
		    ut.email,
		    ut.nickname,
		    ut.profile_img_url,
		    rrt.role_register_id,
		    rrt.user_id,
		    rrt.role_id,
		    rt.role_id,
		    rt.role_name
		from
			user_tb ut
			left outer join role_register_tb rrt on (rrt.user_id = ut.user_id)
			left outer join role_tb rt on(rt.role_id = rrt.role_id)
		where
			ut.user_id = #{userId}
	</select>
	
	<select id="nicknamecheck" parameterType="string" resultMap="UserResultMap">
		select
			*
		from
			user_tb
		where
			nickname = #{nickname}
	</select>
	
	<update id="updateInfo" parameterType="User">
		update
			user_tb
		set
			password = #{password},
			nickname = #{nickname},
			profile_img_url = #{profileImgUrl}
		where
			user_id = #{userId}
	</update>
	
	<update id="updateInfoWithoutPassword" parameterType="User">
		update
			user_tb
		set
			nickname = #{nickname},
			profile_img_url = #{profileImgUrl}
		where
			user_id = #{userId}
	</update>
	
	<select id="findUserByUserId" parameterType="integer" resultMap="UserResultMap">
		select
			*
		from
			user_tb
		where
			user_id = #{userId}
	</select>
	
	<select id="showMyPutHouses" parameterType="map" resultMap="PutHouseResultMap">
		select
			pht.put_house_id,
		    pht.title,
		    pht.content,
		    pht.create_date,
		    pht.update_date,
		    pht.user_id,
		    ut.id,
		    ut.email,
		    ut.nickname,
		    ut.profile_img_url,
		    (select count(*) from put_house_comment_tb where put_house_id = pht.put_house_id) as comment_count,
		    (select count(*) from put_house_like_tb where put_house_id = pht.put_house_id) as like_count,
		    (select count(*) from put_house_view_tb where put_house_id = pht.put_house_id) as view_count
		from
			put_house_tb pht
		    left outer join put_house_comment_tb phct on (phct.put_house_id = pht.put_house_id)
		    left outer join put_house_like_tb phlt on (phlt.put_house_id = pht.put_house_id)
		    left outer join put_house_view_tb phvt on (phvt.put_house_id = pht.put_house_id)
		    left outer join user_tb ut on (ut.user_id = pht.user_id)
		where
			pht.user_id = #{userId}
		group by
			pht.put_house_id
		order by pht.update_date desc
		limit #{offset}, #{count}
	</select>
	
	<select id="myPutHousePagination" parameterType="integer" resultType="integer">
		select
			count(*)
		from
			put_house_tb
		where
			user_id = #{userId}
	</select>
	
	<select id="searchMyPutHouses" parameterType="map" resultMap="PutHouseResultMap">
		select
			pht.put_house_id,
		    pht.title,
		    pht.content,
		    pht.create_date,
			pht.update_date,
		    pht.user_id,
		    ut.id,
		    ut.email,
		    ut.nickname,
		    ut.profile_img_url,
		    (select count(*) from put_house_comment_tb where put_house_id = pht.put_house_id) as comment_count,
		    (select count(*) from put_house_like_tb where put_house_id = pht.put_house_id) as like_count,
		    (select count(*) from put_house_view_tb where put_house_id = pht.put_house_id) as view_count
		from
			put_house_tb pht
		    left outer join put_house_comment_tb phct on (phct.put_house_id = pht.put_house_id)
		    left outer join put_house_like_tb phlt on (phlt.put_house_id = pht.put_house_id)
		    left outer join put_house_view_tb phvt on (phvt.put_house_id = pht.put_house_id)
		    left outer join user_tb ut on (ut.user_id = pht.user_id)
		where
			pht.user_id = #{userId} and
			(pht.title like concat('%', #{word}, '%') or
			pht.content like concat('%', #{word}, '%'))
		group by
			pht.put_house_id
		limit #{offset}, #{count}
	</select>
	
	<select id="searchMyPutHousePagination" parameterType="map" resultType="integer">
		select
			count(*)
		from
			put_house_tb
		where
			user_id = #{userId} and
			(title like concat('%', #{word}, '%') or
			content like concat('%', #{word}, '%'))
	</select>
	
	<delete id="deleteMyPutHouse" parameterType="integer">
		delete from put_house_tb where put_house_id = #{putHouseId}
	</delete>

</mapper>