<?xml version="1.0" encoding="UTF-8"?>	
<!DOCTYPE mapper PUBLIC "-//mybatis.org//DTD Mapper 3.0//EN" 
"http://mybatis.org/dtd/mybatis-3-mapper.dtd">
<!-- namespace: Entity 명, id: 메서드 명 -->
<mapper namespace="com.ssafy.home.model.mapper.NoticeMapper">
	<resultMap type="com.ssafy.home.model.entity.Notice" id="NoticeResultMap">
		<id column="notice_id" property="noticeId"/>
		<result column="title" property="title"/>
		<result column="content" property="content"/>
		<result column="user_id" property="userId"/>
		<result column="create_date" property="createDate"/>
		<result column="update_date" property="updateDate"/>
		<association property="user" resultMap="UserResultMap"/>
	</resultMap>
	
	<resultMap id="UserResultMap" type="com.ssafy.home.model.entity.User">
		<id column="user_id" property="userId" />
		<result column="id" property="id" />
		<result column="password" property="password" />
		<result column="email" property="email" />
		<result column="nickname" property="nickname" />
		<result column="profile_img_url" property="profileImgUrl" />
		<association property="roleRegister" resultMap="RoleRegisterResultMap" />
	</resultMap>
	
	<resultMap id="RoleRegisterResultMap" type="com.ssafy.home.model.entity.RoleRegister">
		<id column="role_register_id" property="roleRegisterId" />
		<result column="user_id" property="userId" />
		<result column="role_id" property="roleId" />
		<association property="role" resultMap="RoleResultMap" />
	</resultMap>
	
	<resultMap id="RoleResultMap" type="com.ssafy.home.model.entity.Role">
		<id column="role_id" property="roleId" />
		<result column="role_name" property="roleName" />
	</resultMap>
	
	<update id="updateNotice" parameterType="Notice">
		update notice_tb
		set title = #{title},
		content = #{content},
		update_date = now()
		where
		notice_id = #{noticeId}
	</update>
	
	<insert id="post" parameterType="Notice">
		insert into notice_tb values(0, #{title}, #{content}, #{userId}, now(), now())
	</insert>
	
	<delete id="delNotice" parameterType="integer">
		delete from notice_tb
		where notice_id = #{noticeId}
	</delete>
	
	
	<select id="getSearchList" parameterType="map" resultMap="NoticeResultMap">
	   select *
       from notice_tb nt
       left outer join user_tb ut on nt.user_id = ut.user_id
       where nt.title like concat('%',#{word},'%')
       or nt.content like concat('%',#{word},'%')
       group by nt.notice_id
       order by nt.update_date desc
       limit #{offset}, #{count}
	</select>
	
	<select id="getNotice" parameterType="integer" resultMap="NoticeResultMap">
		select * 
		from notice_tb nt
		left outer join user_tb ut on nt.user_id = ut.user_id
		where nt.notice_id = #{noticeId};
	</select>
	
	<select id="getListAll" parameterType="map" resultMap="NoticeResultMap">
       select *
       from notice_tb nt
       left outer join user_tb ut on nt.user_id = ut.user_id
       group by nt.notice_id
       order by nt.update_date desc
       limit #{offset}, #{count}
	</select>
	
	<select id="getSearchCount" parameterType="string" resultType="integer">
		select count(*)
		from notice_tb nt
		where nt.title like concat('%',#{word},'%')
        or nt.content like concat('%',#{word},'%')
	</select>
	
	
	
	<select id="getNoticeCount" resultType="integer">
		select count(*)
		from notice_tb
	</select>
	
	<select id="descNotice" resultMap="NoticeResultMap">
		select *
       from notice_tb nt
       left outer join user_tb ut on nt.user_id = ut.user_id
       group by nt.notice_id
       order by nt.update_date desc
       limit 3
	</select>
</mapper>
