<?xml version="1.0" encoding="UTF-8"?>	
<!DOCTYPE mapper PUBLIC "-//mybatis.org//DTD Mapper 3.0//EN" 
"http://mybatis.org/dtd/mybatis-3-mapper.dtd">
<!-- namespace: Entity 명, id: 메서드 명 -->
<mapper namespace="com.ssafy.home.model.mapper.PutHouseMapper">
	<resultMap id="UserResultMap" type="com.ssafy.home.model.entity.User">
		<id column="user_id" property="userId" />
		<result column="id" property="id" />
		<result column="password" property="password" />
		<result column="email" property="email" />
		<result column="nickname" property="nickname" />
		<result column="profile_img_url" property="profileImgUrl" />
		<association property="roleRegister" resultMap="RoleRegisterResultMap" />
	</resultMap>
	
	<resultMap id="RoleRegisterResultMap" type="com.ssafy.home.model.entity.RoleRegister">
		<id column="role_register_id" property="roleRegisterId" />
		<result column="user_id" property="userId" />
		<result column="role_id" property="roleId" />
		<association property="role" resultMap="RoleResultMap" />
	</resultMap>
	
	<resultMap id="RoleResultMap" type="com.ssafy.home.model.entity.Role">
		<id column="role_id" property="roleId" />
		<result column="role_name" property="roleName" />
	</resultMap>
	
	<resultMap id="PutHouseResultMap" type="com.ssafy.home.model.entity.PutHouse">
		<id column="put_house_id" property="putHouseId" />
		<result column="title" property="title" />
		<result column="content" property="content" />
		<result column="user_id" property="userId" />
		<result column="create_date" property="createDate" />
		<result column="update_date" property="updateDate" />
		<result column="comment_count" property="commentCount" />
		<result column="like_count" property="likeCount" />
		<result column="view_count" property="viewCount" />
		<association property="user" resultMap="UserResultMap"></association>
		<association property="putHouseComment" resultMap="PutHouseCommentResultMap"></association>
		<association property="putHouseLike" resultMap="PutHouseLikeResultMap"></association>
		<association property="putHouseView" resultMap="PutHouseViewResultMap"></association>
	</resultMap>
	
	<resultMap id="PutHouseCommentResultMap" type="com.ssafy.home.model.entity.PutHouseComment">
		<id column="put_house_comment_id" property="putHouseCommentId" />
		<result column="put_house_id" property="putHouseId" />
		<result column="user_id" property="userId" />
		<result column="content" property="content" />
		<result column="create_date" property="createDate" />
		<result column="update_date" property="updateDate" />
		<association property="user" resultMap="UserResultMap"></association>
	</resultMap>
	
	<resultMap id="PutHouseViewResultMap" type="com.ssafy.home.model.entity.PutHouseView">
		<id column="put_house_view_id" property="putHouseViewId" />
		<result column="put_house_id" property="putHouseId" />
		<result column="user_id" property="userId" />
	</resultMap>
	
	<resultMap id="PutHouseLikeResultMap" type="com.ssafy.home.model.entity.PutHouseLike">
		<id column="put_house_like_id" property="putHouseLikeId" />
		<result column="put_house_id" property="putHouseId" />
		<result column="user_id" property="userId" />
	</resultMap>
	
	<resultMap id="PutHouseBookmarkResultMap" type="com.ssafy.home.model.entity.PutHouseBookmark" >
		<id column="put_house_bookmark_id" property="putHouseBookmarkId"/>
		<result column="put_house_id" property="putHouseId"/>
		<result column="user_id" property="userId"/>
	</resultMap>
	
	<insert id="write" parameterType="PutHouse" >
		insert into 
			put_house_tb 
		values
			(0, #{title}, #{content}, #{userId}, now(), now())
	</insert>
	
	<select id="listAll" parameterType="map" resultMap="PutHouseResultMap">
		select
			pht.put_house_id,
		    pht.title,
		    pht.content,
		    pht.create_date,
		    pht.update_date,
		    pht.user_id,
		    ut.id,
		    ut.email,
		    ut.nickname,
		    ut.profile_img_url,
		    (select count(*) from put_house_comment_tb where put_house_id = pht.put_house_id) as comment_count,
		    (select count(*) from put_house_like_tb where put_house_id = pht.put_house_id) as like_count,
		    (select count(*) from put_house_view_tb where put_house_id = pht.put_house_id) as view_count
		from
			put_house_tb pht
		    left outer join put_house_comment_tb phct on (phct.put_house_id = pht.put_house_id)
		    left outer join put_house_like_tb phlt on (phlt.put_house_id = pht.put_house_id)
		    left outer join put_house_view_tb phvt on (phvt.put_house_id = pht.put_house_id)
		    left outer join user_tb ut on (ut.user_id = pht.user_id)
		group by
			pht.put_house_id
		<choose>
			<when test="option == 0">
				order by pht.update_date desc
			</when>
			<when test="option == 1">
				order by ((comment_count + like_count + view_count) / 3) desc, pht.update_date desc
			</when>
		</choose>
		limit #{offset}, #{count}
	</select>
	
	<select id="searchList" parameterType="map" resultMap="PutHouseResultMap">
		select
			pht.put_house_id,
		    pht.title,
		    pht.content,
		    pht.create_date,
		    pht.update_date,
		    pht.user_id,
		    ut.id,
		    ut.email,
		    ut.nickname,
		    ut.profile_img_url,
		    (select count(*) from put_house_comment_tb where put_house_id = pht.put_house_id) as comment_count,
		    (select count(*) from put_house_like_tb where put_house_id = pht.put_house_id) as like_count,
		    (select count(*) from put_house_view_tb where put_house_id = pht.put_house_id) as view_count
		from
			put_house_tb pht
		    left outer join put_house_comment_tb phct on (phct.put_house_id = pht.put_house_id)
		    left outer join put_house_like_tb phlt on (phlt.put_house_id = pht.put_house_id)
		    left outer join put_house_view_tb phvt on (phvt.put_house_id = pht.put_house_id)
		    left outer join user_tb ut on (ut.user_id = pht.user_id)
		where
			pht.title like concat('%', #{word}, '%') or
			pht.content like concat('%', #{word}, '%')
		group by
			pht.put_house_id
		limit #{offset}, #{count}
	</select>
	
	
	<select id="searchPagination" parameterType="string" resultType="integer">
		select
			count(*)
		from
			put_house_tb
		where
			title like concat('%', #{word}, '%') or
			content like concat('%', #{word}, '%')
	</select>
	
	
	
	<select id="pagination" resultType="integer">
		select
			count(*)
		from
			put_house_tb
	</select>
	
	<select id="detail" parameterType="integer" resultMap="PutHouseResultMap">
		select
			pht.put_house_id,
		    pht.title,
		    pht.content,
		    pht.create_date,
		    pht.update_date,
		    pht.user_id,
		    ut.id,
		    ut.email,
		    ut.nickname,
		    ut.profile_img_url,
		    (select count(*) from put_house_comment_tb where put_house_id = pht.put_house_id) as comment_count,
		    (select count(*) from put_house_like_tb where put_house_id = pht.put_house_id) as like_count,
		    (select count(*) from put_house_view_tb where put_house_id = pht.put_house_id) as view_count
		from
			put_house_tb pht
		    left outer join put_house_comment_tb phct on (phct.put_house_id = pht.put_house_id)
		    left outer join put_house_like_tb phlt on (phlt.put_house_id = pht.put_house_id)
		    left outer join put_house_view_tb phvt on (phvt.put_house_id = pht.put_house_id)
		    left outer join user_tb ut on (ut.user_id = pht.user_id)
		where
			pht.put_house_id = #{putHouseId}
	</select>
	
	<delete id="delete" parameterType="integer">
		delete from put_house_tb where put_house_id = #{putHouseId}
	</delete>
	
	<update id="update" parameterType="PutHouse">
		update
			put_house_tb
		set
			title = #{title},
			content = #{content},
			update_date = now()
		where
			put_house_id = #{putHouseId}
	</update>
	
	<insert id="view" parameterType="map">
		insert into put_house_view_tb values(0, #{putHouseId}, #{userId})
	</insert>
	
	<insert id="like" parameterType="map">
		insert into put_house_like_tb values(0, #{putHouseId}, #{userId})
	</insert>
	
	<select id="detailLikeList" parameterType="integer" resultMap="PutHouseLikeResultMap">
		select
		 	put_house_like_id,
		 	put_house_id,
		 	user_id
		from 
			put_house_like_tb
		where 
			put_house_id = #{putHouseId}
	</select>
	
	<delete id="likeCancel" parameterType="map">
		delete from put_house_like_tb where put_house_id = #{putHouseId} and user_id = #{userId}
	</delete>
	
	<insert id="postComment" parameterType="PutHouseComment">
		insert into put_house_comment_tb values(0, #{putHouseId}, #{userId}, #{content}, now(), now())
	</insert>
	
	<select id="listComment" parameterType="integer" resultMap="PutHouseCommentResultMap">
		select
			phct.put_house_comment_id,
		    phct.put_house_id,
		    phct.user_id,
		    phct.content,
		    phct.create_date,
		    phct.update_date,
		    ut.id,
		    ut.email,
		    ut.nickname,
		    ut.profile_img_url
		from
			put_house_comment_tb phct
		    left outer join user_tb ut on(ut.user_id = phct.user_id)
		where
			phct.put_house_id = #{putHouseId};
	</select>
	
	<delete id="deleteComment" parameterType="integer">
		delete from
			put_house_comment_tb
		where
			put_house_comment_id = #{putHouseCommentId}	 
	</delete>
	
	<update id="updateComment" parameterType="PutHouseComment">
		update
			put_house_comment_tb
		set
			content = #{content},
			update_date = now()
		where
			put_house_comment_id = #{putHouseCommentId} and
			user_id = #{userId}
	</update>
	
	<insert id="bookmark" parameterType="map">
		insert into put_house_bookmark_tb values(0, #{putHouseId}, #{userId})
	</insert>
	
	
	<select id="bookmarkList" parameterType="integer" resultMap="PutHouseBookmarkResultMap">
		select * from put_house_bookmark_tb where put_house_id = #{putHouseId}
	</select>
	
	<delete id="bookmarkCancel" parameterType="map">
		delete from put_house_bookmark_tb where put_house_id = #{putHouseId} and user_id = #{userId}
	</delete>
	
</mapper>