<?xml version="1.0" encoding="UTF-8"?>	
<!DOCTYPE mapper PUBLIC "-//mybatis.org//DTD Mapper 3.0//EN" 
"http://mybatis.org/dtd/mybatis-3-mapper.dtd">
<!-- namespace: Entity 명, id: 메서드 명 -->
<mapper namespace="com.ssafy.home.model.mapper.UserMapper">

	<resultMap id="UserResultMap" type="com.ssafy.home.model.entity.User">
		<id column="user_id" property="userId" />
		<result column="id" property="id" />
		<result column="password" property="password" />
		<result column="email" property="email" />
		<result column="nickname" property="nickname" />
		<result column="profile_img_url" property="profileImgUrl" />
		<association property="roleRegister" resultMap="RoleRegisterResultMap" />
	</resultMap>
	
	<resultMap id="RoleRegisterResultMap" type="com.ssafy.home.model.entity.RoleRegister">
		<id column="role_register_id" property="roleRegisterId" />
		<result column="user_id" property="userId" />
		<result column="role_id" property="roleId" />
		<association property="role" resultMap="RoleResultMap" />
	</resultMap>
	
	<resultMap id="RoleResultMap" type="com.ssafy.home.model.entity.Role">
		<id column="role_id" property="roleId" />
		<result column="role_name" property="roleName" />
	</resultMap>
	
	<select id="idcheck" parameterType="string" resultMap="UserResultMap">
		select 
			ut.user_id,
		    ut.id,
		    ut.password,
		    ut.email,
		    ut.nickname,
		    ut.profile_img_url,
		    rrt.role_register_id,
		    rrt.user_id,
		    rrt.role_id,
		    rt.role_id,
		    rt.role_name
		from
			user_tb ut
			left outer join role_register_tb rrt on (rrt.user_id = ut.user_id)
			left outer join role_tb rt on(rt.role_id = rrt.role_id)
		where
			ut.id = #{id}
	</select>
	
	<select id="nicknamecheck" parameterType="string" resultMap="UserResultMap">
		select 
			ut.user_id,
		    ut.id,
		    ut.password,
		    ut.email,
		    ut.nickname,
		    ut.profile_img_url,
		    rrt.role_register_id,
		    rrt.user_id,
		    rrt.role_id,
		    rt.role_id,
		    rt.role_name
		from
			user_tb ut
			left outer join role_register_tb rrt on (rrt.user_id = ut.user_id)
			left outer join role_tb rt on(rt.role_id = rrt.role_id)
		where
			ut.nickname = #{nickname}
	</select>
	
	<insert id="signup" parameterType="User">
		insert into 
			user_tb 
		values
			(0, #{id}, #{password}, #{email}, #{nickname}, #{profileImgUrl})
	</insert>
	
	<select id="findUserById" parameterType="string" resultMap="UserResultMap">
		select 
			ut.user_id,
		    ut.id,
		    ut.password,
		    ut.email,
		    ut.nickname,
		    ut.profile_img_url,
		    rrt.role_register_id,
		    rrt.user_id,
		    rrt.role_id,
		    rt.role_id,
		    rt.role_name
		from
			user_tb ut
			left outer join role_register_tb rrt on (rrt.user_id = ut.user_id)
			left outer join role_tb rt on(rt.role_id = rrt.role_id)
		where
			ut.id = #{id}
	</select>
	
	<insert id="saveRole" parameterType="integer">
		insert into
			role_register_tb
		values
			(0, #{userId}, 1)
	</insert>
	
	<select id="findid" parameterType="string" resultType="string">
		select
			id
		from
			user_tb
		where
			email = #{email}
	</select>
	
	<select id="findpassword" parameterType="map" resultMap="UserResultMap">
		select 
			ut.user_id,
		    ut.id,
		    ut.password,
		    ut.email,
		    ut.nickname,
		    ut.profile_img_url,
		    rrt.role_register_id,
		    rrt.user_id,
		    rrt.role_id,
		    rt.role_id,
		    rt.role_name
		from
			user_tb ut
			left outer join role_register_tb rrt on (rrt.user_id = ut.user_id)
			left outer join role_tb rt on(rt.role_id = rrt.role_id)
		where
			ut.id = #{id} and ut.email = #{email}
	</select>
	
	<update id="saveTempPassword" parameterType="User">
		update
			user_tb
		set
			password = #{password}
		where
			user_id = #{userId}
	</update>
	
</mapper>