<?xml version="1.0" encoding="UTF-8"?>	
<!DOCTYPE mapper PUBLIC "-//mybatis.org//DTD Mapper 3.0//EN" 
"http://mybatis.org/dtd/mybatis-3-mapper.dtd">
<!-- namespace: Entity 명, id: 메서드 명 -->
<mapper namespace="com.ssafy.home.model.mapper.ZzimMapper">

	<resultMap type="com.ssafy.home.model.entity.Zzim" id="ZzimResultMap">
		<id column="zzim_tb_id" property="zzimTbId"/>
		<result column="user_id" property="userId"/>
		<result column="lat" property="lat"/>
		<result column="lng" property="lng"/>
		<result column="class_name" property="className"/>
		<result column="exclu_use_ar" property="excluUseAr"/>
		<result column="deal_amount" property="dealAmount"/>
		<result column="sido_name" property="sidoName"/>
		<result column="gugun_name" property="gugunName"/>
		<result column="dong_name" property="dongName"/>
		<result column="apt_name" property="aptName"/>
		<result column="pyung" property="pyung"/>
	</resultMap>

	<insert id="postZzim" parameterType="Zzim">
		insert into zzim_tb values(
			#{zzimTbId},
			#{userId},
			#{lat},
			#{lng},
			#{className},
			#{excluUseAr},
			#{dealAmount},
			#{sidoName},
			#{gugunName},
			#{dongName},
			#{aptName},
			#{pyung}
		)
	</insert>
	
	<delete id="deleteZzim" parameterType="map">
		delete from zzim_tb where lat = #{lat} and lng = #{lng} and user_id = #{userId}
	</delete>
	
	<select id="getZzims" parameterType="integer" resultMap="ZzimResultMap">
		select * from zzim_tb where user_id = #{userId}
	</select>
	
</mapper>